Origin,Destination,O_D_ref
1,24,"[1, 24]"
1,36,"[1, 36]"
1,7,"[1, 7]"
1,31,"[1, 31]"
1,4,"[1, 4]"
1,18,"[1, 18]"
1,12,"[1, 12]"
1,40,"[1, 40]"
1,1,"[1, 1]"
1,9,"[1, 9]"
2,24,"[2, 24]"
2,7,"[2, 7]"
2,11,"[2, 11]"
2,39,"[2, 39]"
2,49,"[2, 49]"
2,12,"[2, 12]"
2,16,"[2, 16]"
2,57,"[2, 57]"
2,2,"[2, 2]"
2,31,"[2, 31]"
3,7,"[3, 7]"
3,24,"[3, 24]"
3,3,"[3, 3]"
3,32,"[3, 32]"
3,9,"[3, 9]"
3,16,"[3, 16]"
3,31,"[3, 31]"
3,17,"[3, 17]"
3,11,"[3, 11]"
3,57,"[3, 57]"
4,7,"[4, 7]"
4,4,"[4, 4]"
4,24,"[4, 24]"
4,32,"[4, 32]"
4,31,"[4, 31]"
4,12,"[4, 12]"
4,9,"[4, 9]"
4,17,"[4, 17]"
4,25,"[4, 25]"
4,13,"[4, 13]"
5,24,"[5, 24]"
5,7,"[5, 7]"
5,5,"[5, 5]"
5,32,"[5, 32]"
5,4,"[5, 4]"
5,13,"[5, 13]"
5,25,"[5, 25]"
5,39,"[5, 39]"
5,36,"[5, 36]"
5,49,"[5, 49]"
6,7,"[6, 7]"
6,6,"[6, 6]"
6,8,"[6, 8]"
6,32,"[6, 32]"
6,20,"[6, 20]"
6,9,"[6, 9]"
6,16,"[6, 16]"
6,42,"[6, 42]"
6,17,"[6, 17]"
6,18,"[6, 18]"
7,7,"[7, 7]"
7,24,"[7, 24]"
7,32,"[7, 32]"
7,9,"[7, 9]"
7,31,"[7, 31]"
7,4,"[7, 4]"
7,12,"[7, 12]"
7,3,"[7, 3]"
7,40,"[7, 40]"
7,18,"[7, 18]"
8,7,"[8, 7]"
8,24,"[8, 24]"
8,9,"[8, 9]"
8,32,"[8, 32]"
8,17,"[8, 17]"
8,8,"[8, 8]"
8,16,"[8, 16]"
8,4,"[8, 4]"
8,31,"[8, 31]"
8,18,"[8, 18]"
9,9,"[9, 9]"
9,7,"[9, 7]"
9,32,"[9, 32]"
9,24,"[9, 24]"
9,18,"[9, 18]"
9,31,"[9, 31]"
9,4,"[9, 4]"
9,16,"[9, 16]"
9,3,"[9, 3]"
9,17,"[9, 17]"
10,7,"[10, 7]"
10,10,"[10, 10]"
10,40,"[10, 40]"
10,24,"[10, 24]"
10,17,"[10, 17]"
10,63,"[10, 63]"
10,49,"[10, 49]"
10,12,"[10, 12]"
10,31,"[10, 31]"
10,9,"[10, 9]"
11,7,"[11, 7]"
11,11,"[11, 11]"
11,24,"[11, 24]"
11,32,"[11, 32]"
11,57,"[11, 57]"
11,39,"[11, 39]"
11,3,"[11, 3]"
11,50,"[11, 50]"
11,49,"[11, 49]"
11,12,"[11, 12]"
12,7,"[12, 7]"
12,12,"[12, 12]"
12,24,"[12, 24]"
12,32,"[12, 32]"
12,4,"[12, 4]"
12,31,"[12, 31]"
12,49,"[12, 49]"
12,25,"[12, 25]"
12,17,"[12, 17]"
12,9,"[12, 9]"
13,7,"[13, 7]"
13,24,"[13, 24]"
13,32,"[13, 32]"
13,13,"[13, 13]"
13,4,"[13, 4]"
13,12,"[13, 12]"
13,9,"[13, 9]"
13,31,"[13, 31]"
13,18,"[13, 18]"
13,25,"[13, 25]"
14,32,"[14, 32]"
14,24,"[14, 24]"
14,7,"[14, 7]"
14,14,"[14, 14]"
14,31,"[14, 31]"
14,4,"[14, 4]"
14,25,"[14, 25]"
14,12,"[14, 12]"
14,40,"[14, 40]"
14,8,"[14, 8]"
15,7,"[15, 7]"
15,24,"[15, 24]"
15,4,"[15, 4]"
15,31,"[15, 31]"
15,32,"[15, 32]"
15,15,"[15, 15]"
15,12,"[15, 12]"
15,9,"[15, 9]"
15,26,"[15, 26]"
15,36,"[15, 36]"
16,7,"[16, 7]"
16,16,"[16, 16]"
16,24,"[16, 24]"
16,32,"[16, 32]"
16,9,"[16, 9]"
16,3,"[16, 3]"
16,17,"[16, 17]"
16,19,"[16, 19]"
16,8,"[16, 8]"
16,4,"[16, 4]"
17,7,"[17, 7]"
17,17,"[17, 17]"
17,24,"[17, 24]"
17,32,"[17, 32]"
17,4,"[17, 4]"
17,9,"[17, 9]"
17,12,"[17, 12]"
17,16,"[17, 16]"
17,18,"[17, 18]"
17,8,"[17, 8]"
18,7,"[18, 7]"
18,18,"[18, 18]"
18,9,"[18, 9]"
18,24,"[18, 24]"
18,32,"[18, 32]"
18,31,"[18, 31]"
18,4,"[18, 4]"
18,12,"[18, 12]"
18,17,"[18, 17]"
18,16,"[18, 16]"
19,7,"[19, 7]"
19,24,"[19, 24]"
19,19,"[19, 19]"
19,16,"[19, 16]"
19,9,"[19, 9]"
19,17,"[19, 17]"
19,31,"[19, 31]"
19,12,"[19, 12]"
19,3,"[19, 3]"
19,57,"[19, 57]"
20,7,"[20, 7]"
20,16,"[20, 16]"
20,6,"[20, 6]"
20,9,"[20, 9]"
20,18,"[20, 18]"
20,20,"[20, 20]"
20,42,"[20, 42]"
20,13,"[20, 13]"
20,17,"[20, 17]"
20,32,"[20, 32]"
21,7,"[21, 7]"
21,26,"[21, 26]"
21,24,"[21, 24]"
21,9,"[21, 9]"
21,16,"[21, 16]"
21,18,"[21, 18]"
21,32,"[21, 32]"
21,12,"[21, 12]"
21,29,"[21, 29]"
21,4,"[21, 4]"
22,7,"[22, 7]"
22,24,"[22, 24]"
22,32,"[22, 32]"
22,22,"[22, 22]"
22,31,"[22, 31]"
22,9,"[22, 9]"
22,17,"[22, 17]"
22,12,"[22, 12]"
22,39,"[22, 39]"
22,40,"[22, 40]"
23,7,"[23, 7]"
23,3,"[23, 3]"
23,23,"[23, 23]"
23,42,"[23, 42]"
23,9,"[23, 9]"
23,32,"[23, 32]"
23,11,"[23, 11]"
23,24,"[23, 24]"
23,17,"[23, 17]"
23,10,"[23, 10]"
24,7,"[24, 7]"
24,24,"[24, 24]"
24,31,"[24, 31]"
24,4,"[24, 4]"
24,32,"[24, 32]"
24,3,"[24, 3]"
24,9,"[24, 9]"
24,12,"[24, 12]"
24,25,"[24, 25]"
24,13,"[24, 13]"
25,7,"[25, 7]"
25,24,"[25, 24]"
25,32,"[25, 32]"
25,25,"[25, 25]"
25,12,"[25, 12]"
25,4,"[25, 4]"
25,31,"[25, 31]"
25,49,"[25, 49]"
25,17,"[25, 17]"
25,27,"[25, 27]"
26,26,"[26, 26]"
26,7,"[26, 7]"
26,24,"[26, 24]"
26,32,"[26, 32]"
26,31,"[26, 31]"
26,4,"[26, 4]"
26,9,"[26, 9]"
26,12,"[26, 12]"
26,3,"[26, 3]"
26,39,"[26, 39]"
27,25,"[27, 25]"
27,7,"[27, 7]"
27,32,"[27, 32]"
27,8,"[27, 8]"
27,4,"[27, 4]"
27,27,"[27, 27]"
27,24,"[27, 24]"
27,36,"[27, 36]"
27,16,"[27, 16]"
27,49,"[27, 49]"
28,7,"[28, 7]"
28,24,"[28, 24]"
28,31,"[28, 31]"
28,4,"[28, 4]"
28,32,"[28, 32]"
28,28,"[28, 28]"
28,15,"[28, 15]"
28,18,"[28, 18]"
28,12,"[28, 12]"
28,9,"[28, 9]"
29,7,"[29, 7]"
29,24,"[29, 24]"
29,4,"[29, 4]"
29,32,"[29, 32]"
29,29,"[29, 29]"
29,12,"[29, 12]"
29,17,"[29, 17]"
29,13,"[29, 13]"
29,40,"[29, 40]"
29,31,"[29, 31]"
30,19,"[30, 19]"
30,9,"[30, 9]"
30,7,"[30, 7]"
30,12,"[30, 12]"
30,16,"[30, 16]"
30,44,"[30, 44]"
30,30,"[30, 30]"
30,26,"[30, 26]"
30,24,"[30, 24]"
30,31,"[30, 31]"
31,7,"[31, 7]"
31,24,"[31, 24]"
31,63,"[31, 63]"
31,4,"[31, 4]"
31,12,"[31, 12]"
31,18,"[31, 18]"
31,31,"[31, 31]"
31,9,"[31, 9]"
31,36,"[31, 36]"
31,3,"[31, 3]"
32,7,"[32, 7]"
32,9,"[32, 9]"
32,24,"[32, 24]"
32,4,"[32, 4]"
32,12,"[32, 12]"
32,32,"[32, 32]"
32,13,"[32, 13]"
32,17,"[32, 17]"
32,49,"[32, 49]"
32,25,"[32, 25]"
33,4,"[33, 4]"
33,24,"[33, 24]"
33,12,"[33, 12]"
33,7,"[33, 7]"
33,49,"[33, 49]"
33,13,"[33, 13]"
33,36,"[33, 36]"
33,14,"[33, 14]"
33,15,"[33, 15]"
33,17,"[33, 17]"
34,7,"[34, 7]"
34,24,"[34, 24]"
34,3,"[34, 3]"
34,4,"[34, 4]"
34,32,"[34, 32]"
34,34,"[34, 34]"
34,19,"[34, 19]"
34,16,"[34, 16]"
34,40,"[34, 40]"
34,12,"[34, 12]"
35,7,"[35, 7]"
35,24,"[35, 24]"
35,35,"[35, 35]"
35,11,"[35, 11]"
35,26,"[35, 26]"
35,32,"[35, 32]"
35,3,"[35, 3]"
35,9,"[35, 9]"
35,12,"[35, 12]"
35,29,"[35, 29]"
36,36,"[36, 36]"
36,24,"[36, 24]"
36,7,"[36, 7]"
36,31,"[36, 31]"
36,12,"[36, 12]"
36,4,"[36, 4]"
36,1,"[36, 1]"
36,49,"[36, 49]"
36,25,"[36, 25]"
36,38,"[36, 38]"
37,36,"[37, 36]"
37,38,"[37, 38]"
37,31,"[37, 31]"
37,24,"[37, 24]"
37,60,"[37, 60]"
37,37,"[37, 37]"
37,25,"[37, 25]"
37,7,"[37, 7]"
37,49,"[37, 49]"
37,12,"[37, 12]"
38,36,"[38, 36]"
38,25,"[38, 25]"
38,38,"[38, 38]"
38,37,"[38, 37]"
38,24,"[38, 24]"
38,7,"[38, 7]"
38,60,"[38, 60]"
38,5,"[38, 5]"
38,15,"[38, 15]"
38,16,"[38, 16]"
39,7,"[39, 7]"
39,24,"[39, 24]"
39,39,"[39, 39]"
39,4,"[39, 4]"
39,32,"[39, 32]"
39,11,"[39, 11]"
39,50,"[39, 50]"
39,49,"[39, 49]"
39,12,"[39, 12]"
39,57,"[39, 57]"
40,7,"[40, 7]"
40,24,"[40, 24]"
40,40,"[40, 40]"
40,4,"[40, 4]"
40,31,"[40, 31]"
40,9,"[40, 9]"
40,32,"[40, 32]"
40,3,"[40, 3]"
40,13,"[40, 13]"
40,10,"[40, 10]"
41,41,"[41, 41]"
41,42,"[41, 42]"
41,51,"[41, 51]"
41,31,"[41, 31]"
41,32,"[41, 32]"
41,39,"[41, 39]"
41,49,"[41, 49]"
41,7,"[41, 7]"
41,24,"[41, 24]"
41,4,"[41, 4]"
42,7,"[42, 7]"
42,42,"[42, 42]"
42,24,"[42, 24]"
42,9,"[42, 9]"
42,31,"[42, 31]"
42,4,"[42, 4]"
42,12,"[42, 12]"
42,3,"[42, 3]"
42,17,"[42, 17]"
42,32,"[42, 32]"
43,7,"[43, 7]"
43,35,"[43, 35]"
43,24,"[43, 24]"
43,26,"[43, 26]"
43,18,"[43, 18]"
43,12,"[43, 12]"
43,9,"[43, 9]"
43,31,"[43, 31]"
43,19,"[43, 19]"
43,3,"[43, 3]"
44,7,"[44, 7]"
44,19,"[44, 19]"
44,24,"[44, 24]"
44,30,"[44, 30]"
44,12,"[44, 12]"
44,9,"[44, 9]"
44,28,"[44, 28]"
44,18,"[44, 18]"
44,31,"[44, 31]"
44,63,"[44, 63]"
45,14,"[45, 14]"
45,6,"[45, 6]"
45,4,"[45, 4]"
45,18,"[45, 18]"
45,12,"[45, 12]"
45,7,"[45, 7]"
45,32,"[45, 32]"
45,25,"[45, 25]"
45,20,"[45, 20]"
45,8,"[45, 8]"
46,24,"[46, 24]"
46,7,"[46, 7]"
46,32,"[46, 32]"
46,25,"[46, 25]"
46,19,"[46, 19]"
46,31,"[46, 31]"
46,49,"[46, 49]"
46,5,"[46, 5]"
46,12,"[46, 12]"
46,4,"[46, 4]"
47,47,"[47, 47]"
47,32,"[47, 32]"
47,7,"[47, 7]"
47,5,"[47, 5]"
47,24,"[47, 24]"
47,26,"[47, 26]"
47,57,"[47, 57]"
47,4,"[47, 4]"
47,13,"[47, 13]"
47,12,"[47, 12]"
48,7,"[48, 7]"
48,24,"[48, 24]"
48,31,"[48, 31]"
48,49,"[48, 49]"
48,4,"[48, 4]"
48,12,"[48, 12]"
48,3,"[48, 3]"
48,25,"[48, 25]"
48,9,"[48, 9]"
48,32,"[48, 32]"
49,49,"[49, 49]"
49,32,"[49, 32]"
49,24,"[49, 24]"
49,12,"[49, 12]"
49,7,"[49, 7]"
49,4,"[49, 4]"
49,39,"[49, 39]"
49,63,"[49, 63]"
49,11,"[49, 11]"
49,25,"[49, 25]"
50,57,"[50, 57]"
50,50,"[50, 50]"
50,39,"[50, 39]"
50,24,"[50, 24]"
50,11,"[50, 11]"
50,7,"[50, 7]"
50,3,"[50, 3]"
50,10,"[50, 10]"
50,32,"[50, 32]"
50,49,"[50, 49]"
51,51,"[51, 51]"
51,41,"[51, 41]"
51,62,"[51, 62]"
51,49,"[51, 49]"
51,31,"[51, 31]"
51,32,"[51, 32]"
51,42,"[51, 42]"
51,7,"[51, 7]"
51,39,"[51, 39]"
51,12,"[51, 12]"
52,17,"[52, 17]"
52,24,"[52, 24]"
52,52,"[52, 52]"
52,29,"[52, 29]"
52,7,"[52, 7]"
52,33,"[52, 33]"
52,4,"[52, 4]"
52,12,"[52, 12]"
52,63,"[52, 63]"
52,25,"[52, 25]"
53,32,"[53, 32]"
53,40,"[53, 40]"
53,7,"[53, 7]"
53,24,"[53, 24]"
53,39,"[53, 39]"
53,57,"[53, 57]"
53,42,"[53, 42]"
53,4,"[53, 4]"
53,50,"[53, 50]"
53,53,"[53, 53]"
54,7,"[54, 7]"
54,32,"[54, 32]"
54,12,"[54, 12]"
54,4,"[54, 4]"
54,24,"[54, 24]"
54,31,"[54, 31]"
54,54,"[54, 54]"
54,36,"[54, 36]"
54,25,"[54, 25]"
54,13,"[54, 13]"
56,26,"[56, 26]"
56,32,"[56, 32]"
56,53,"[56, 53]"
56,57,"[56, 57]"
56,47,"[56, 47]"
56,24,"[56, 24]"
56,4,"[56, 4]"
56,7,"[56, 7]"
56,22,"[56, 22]"
56,27,"[56, 27]"
57,24,"[57, 24]"
57,7,"[57, 7]"
57,50,"[57, 50]"
57,11,"[57, 11]"
57,57,"[57, 57]"
57,39,"[57, 39]"
57,3,"[57, 3]"
57,12,"[57, 12]"
57,17,"[57, 17]"
57,25,"[57, 25]"
58,24,"[58, 24]"
58,63,"[58, 63]"
58,31,"[58, 31]"
58,57,"[58, 57]"
58,7,"[58, 7]"
58,58,"[58, 58]"
58,49,"[58, 49]"
58,42,"[58, 42]"
58,12,"[58, 12]"
58,25,"[58, 25]"
59,32,"[59, 32]"
59,57,"[59, 57]"
59,7,"[59, 7]"
59,24,"[59, 24]"
59,40,"[59, 40]"
59,5,"[59, 5]"
59,12,"[59, 12]"
59,59,"[59, 59]"
59,31,"[59, 31]"
59,10,"[59, 10]"
60,25,"[60, 25]"
60,49,"[60, 49]"
60,24,"[60, 24]"
60,60,"[60, 60]"
60,38,"[60, 38]"
60,37,"[60, 37]"
60,36,"[60, 36]"
60,7,"[60, 7]"
60,12,"[60, 12]"
60,46,"[60, 46]"
61,32,"[61, 32]"
61,57,"[61, 57]"
61,10,"[61, 10]"
61,59,"[61, 59]"
61,61,"[61, 61]"
61,24,"[61, 24]"
61,31,"[61, 31]"
61,7,"[61, 7]"
61,12,"[61, 12]"
61,35,"[61, 35]"
62,49,"[62, 49]"
62,7,"[62, 7]"
62,62,"[62, 62]"
62,3,"[62, 3]"
62,12,"[62, 12]"
62,10,"[62, 10]"
62,24,"[62, 24]"
62,17,"[62, 17]"
62,51,"[62, 51]"
62,31,"[62, 31]"
63,31,"[63, 31]"
63,24,"[63, 24]"
63,63,"[63, 63]"
63,49,"[63, 49]"
63,12,"[63, 12]"
63,42,"[63, 42]"
63,10,"[63, 10]"
63,58,"[63, 58]"
63,7,"[63, 7]"
63,4,"[63, 4]"
64,32,"[64, 32]"
64,62,"[64, 62]"
64,57,"[64, 57]"
64,7,"[64, 7]"
64,54,"[64, 54]"
64,39,"[64, 39]"
64,3,"[64, 3]"
64,13,"[64, 13]"
64,24,"[64, 24]"
64,19,"[64, 19]"
